[
    {
        "name": "Lanzenlicht Wei\u00df 1",
        "device_id": "sat1",
        "letter": "A",
        "number": 0,
        "timestamp": 240.0
    },
    {
        "name": "Lanzenlicht Wei\u00df 2",
        "device_id": "sat2",
        "letter": "A",
        "number": 0,
        "timestamp": 240.0
    },
    {
        "name": "Lanzenlicht Wei\u00df 3",
        "device_id": "sat1",
        "letter": "A",
        "number": 1,
        "timestamp": 242.0
    },
    {
        "name": "Lanzenlicht Wei\u00df 4",
        "device_id": "sat2",
        "letter": "A",
        "number": 1,
        "timestamp": 242.0
    },
    {
        "name": "Lanzenlicht Wei\u00df 5",
        "device_id": "sat1",
        "letter": "A",
        "number": 2,
        "timestamp": 244.0
    },
    {
        "name": "Lanzenlicht Wei\u00df 6",
        "device_id": "sat2",
        "letter": "A",
        "number": 2,
        "timestamp": 244.0
    },
    {
        "name": "Lanzenlicht Wei\u00df 7",
        "device_id": "master",
        "letter": "A",
        "number": 0,
        "timestamp": 246.0
    },
    {
        "name": "Lanzenlicht Blau 1",
        "device_id": "master",
        "letter": "A",
        "number": 1,
        "timestamp": 248.0
    },
    {
        "name": "Lanzenlicht Wei\u00df 11",
        "device_id": "master",
        "letter": "A",
        "number": 2,
        "timestamp": 250.0
    },
    {
        "name": "Lanzenlicht Blau 3",
        "device_id": "master",
        "letter": "A",
        "number": 3,
        "timestamp": 252.0
    },
    {
        "name": "Lanzenlicht Wei\u00df 15",
        "device_id": "master",
        "letter": "A",
        "number": 4,
        "timestamp": 254.0
    },
    {
        "name": "Lanzenlicht Blau 5",
        "device_id": "master",
        "letter": "A",
        "number": 5,
        "timestamp": 256.0
    },
    {
        "name": "Lanzenlicht Wei\u00df 19",
        "device_id": "master",
        "letter": "A",
        "number": 6,
        "timestamp": 258.0
    },
    {
        "name": "Lanzenlicht Wei\u00df 9",
        "device_id": "master",
        "letter": "A",
        "number": 7,
        "timestamp": 260.0
    },
    {
        "name": "Lanzenlicht Wei\u00df 13",
        "device_id": "master",
        "letter": "A",
        "number": 8,
        "timestamp": 262.0
    },
    {
        "name": "Lanzenlicht Wei\u00df 17",
        "device_id": "master",
        "letter": "A",
        "number": 9,
        "timestamp": 264.0
    },
    {
        "name": "Feuerkegel Rot 1",
        "device_id": "master",
        "letter": "A",
        "number": 10,
        "timestamp": 265.0
    },
    {
        "name": "Feuerkegel Rot 3",
        "device_id": "master",
        "letter": "A",
        "number": 11,
        "timestamp": 265.0
    },
    {
        "name": "Einhornglitzer Rot/Gold",
        "device_id": "master",
        "letter": "A",
        "number": 12,
        "timestamp": 270.0
    },
    {
        "name": "Zena 3-Stepper Pfeif-Font\u00e4ne 1",
        "device_id": "field",
        "letter": "A",
        "number": 0,
        "timestamp": 309.0
    },
    {
        "name": "Zena 3-Stepper Pfeif-Font\u00e4ne 2",
        "device_id": "field",
        "letter": "A",
        "number": 1,
        "timestamp": 310.0
    },
    {
        "name": "Zena 3-Stepper Pfeif-Font\u00e4ne 3",
        "device_id": "field",
        "letter": "A",
        "number": 2,
        "timestamp": 311.0
    },
    {
        "name": "Stunning Flight",
        "device_id": "field",
        "letter": "A",
        "number": 4,
        "timestamp": 311.0
    },
    {
        "name": "Moskitos 1",
        "device_id": "master",
        "letter": "A",
        "number": 13,
        "timestamp": 370.0
    },
    {
        "name": "Moskitos 4",
        "device_id": "master",
        "letter": "A",
        "number": 14,
        "timestamp": 371.0
    },
    {
        "name": "Raketenmotor (Rauch) 1",
        "device_id": "sat1",
        "letter": "A",
        "number": 13,
        "timestamp": 380.0
    },
    {
        "name": "Raketenmotor (Rauch) 2",
        "device_id": "sat2",
        "letter": "A",
        "number": 13,
        "timestamp": 380.0
    },
    {
        "name": "Lanzenlicht Violett ",
        "device_id": "remote0",
        "letter": "A",
        "number": 0,
        "timestamp": 385.0
    },
    {
        "name": "Lanzenlicht Gelb",
        "device_id": "remote1",
        "letter": "A",
        "number": 0,
        "timestamp": 385.0
    },
    {
        "name": "Coloured Crosette 1",
        "device_id": "sat1",
        "letter": "A",
        "number": 3,
        "timestamp": 445.0
    },
    {
        "name": "Coloured Crosette 2",
        "device_id": "sat2",
        "letter": "A",
        "number": 3,
        "timestamp": 445.0
    },
    {
        "name": "Eye of the Sahara",
        "device_id": "field",
        "letter": "A",
        "number": 5,
        "timestamp": 455.0
    },
    {
        "name": "Cyber World A",
        "device_id": "field",
        "letter": "A",
        "number": 6,
        "timestamp": 505.0
    },
    {
        "name": "Elektrigger Gr\u00fcn 1",
        "device_id": "master",
        "letter": "A",
        "number": 15,
        "timestamp": 530.0
    },
    {
        "name": "Fantoma 49 1+2",
        "device_id": "master",
        "letter": "B",
        "number": 0,
        "timestamp": 540.0
    },
    {
        "name": "Raketenmotor (Rauch) 3",
        "device_id": "sat1",
        "letter": "A",
        "number": 14,
        "timestamp": 565.0
    },
    {
        "name": "Raketenmotor (Rauch) 4",
        "device_id": "sat2",
        "letter": "A",
        "number": 14,
        "timestamp": 565.0
    },
    {
        "name": "1960er Retro China B\u00f6ller D 1",
        "device_id": "master",
        "letter": "B",
        "number": 1,
        "timestamp": 570.0
    },
    {
        "name": "1960er Retro China B\u00f6ller D 2",
        "device_id": "master",
        "letter": "B",
        "number": 2,
        "timestamp": 573.0
    },
    {
        "name": "1960er Retro China B\u00f6ller D 3",
        "device_id": "master",
        "letter": "B",
        "number": 3,
        "timestamp": 576.0
    },
    {
        "name": "Big Balls 1",
        "device_id": "master",
        "letter": "B",
        "number": 4,
        "timestamp": 578.0
    },
    {
        "name": "Big Balls 2",
        "device_id": "master",
        "letter": "B",
        "number": 5,
        "timestamp": 580.0
    },
    {
        "name": "Big Balls 3",
        "device_id": "master",
        "letter": "B",
        "number": 6,
        "timestamp": 582.0
    },
    {
        "name": "Deto-Nation Pink Glitter 1",
        "device_id": "master",
        "letter": "B",
        "number": 7,
        "timestamp": 583.0
    },
    {
        "name": "Deto-Nation Pink Glitter 2",
        "device_id": "master",
        "letter": "B",
        "number": 8,
        "timestamp": 584.0
    },
    {
        "name": "Deto-Nation Pink Glitter 3",
        "device_id": "master",
        "letter": "B",
        "number": 9,
        "timestamp": 585.0
    },
    {
        "name": "Raketenmotor (Rauch) 5",
        "device_id": "sat1",
        "letter": "A",
        "number": 15,
        "timestamp": 610.0
    },
    {
        "name": "Raketenmotor (Rauch) 6",
        "device_id": "sat2",
        "letter": "A",
        "number": 15,
        "timestamp": 610.0
    },
    {
        "name": "Elektrigger Gr\u00fcn 2",
        "device_id": "sat2",
        "letter": "A",
        "number": 4,
        "timestamp": 615.0
    },
    {
        "name": "Elektrigger Gr\u00fcn 3",
        "device_id": "sat1",
        "letter": "A",
        "number": 4,
        "timestamp": 615.0
    },
    {
        "name": "Lametta Luder 1",
        "device_id": "master",
        "letter": "B",
        "number": 10,
        "timestamp": 622.0
    },
    {
        "name": "Burning Starlight 1",
        "device_id": "master",
        "letter": "B",
        "number": 11,
        "timestamp": 627.0
    },
    {
        "name": "Flower Power Rakete 1",
        "device_id": "field",
        "letter": "A",
        "number": 7,
        "timestamp": 660.0
    },
    {
        "name": "Flower Power Rakete 4",
        "device_id": "field",
        "letter": "A",
        "number": 8,
        "timestamp": 660.0
    },
    {
        "name": "Flower Power Rakete 7",
        "device_id": "field",
        "letter": "A",
        "number": 9,
        "timestamp": 660.0
    },
    {
        "name": "Flower Power Rakete 10",
        "device_id": "field",
        "letter": "A",
        "number": 10,
        "timestamp": 661.0
    },
    {
        "name": "Flower Power Rakete 13",
        "device_id": "field",
        "letter": "A",
        "number": 11,
        "timestamp": 661.0
    },
    {
        "name": "Flower Power Rakete 16",
        "device_id": "field",
        "letter": "A",
        "number": 12,
        "timestamp": 661.0
    },
    {
        "name": "Flower Power Rakete 19",
        "device_id": "field",
        "letter": "A",
        "number": 13,
        "timestamp": 662.0
    },
    {
        "name": "Flower Power Rakete 22",
        "device_id": "field",
        "letter": "A",
        "number": 14,
        "timestamp": 662.0
    },
    {
        "name": "Flower Power Rakete 25",
        "device_id": "field",
        "letter": "A",
        "number": 15,
        "timestamp": 662.0
    },
    {
        "name": "Flower Power Rakete 28",
        "device_id": "field",
        "letter": "B",
        "number": 0,
        "timestamp": 662.0
    },
    {
        "name": "Flower Power Rakete 31",
        "device_id": "master",
        "letter": "B",
        "number": 12,
        "timestamp": 666.0
    },
    {
        "name": "Flower Power Rakete 34",
        "device_id": "master",
        "letter": "B",
        "number": 13,
        "timestamp": 666.0
    },
    {
        "name": "Flower Power Rakete 37",
        "device_id": "master",
        "letter": "B",
        "number": 14,
        "timestamp": 666.0
    },
    {
        "name": "Flower Power Rakete 40",
        "device_id": "master",
        "letter": "B",
        "number": 15,
        "timestamp": 667.0
    },
    {
        "name": "Flower Power Rakete 43",
        "device_id": "master",
        "letter": "C",
        "number": 0,
        "timestamp": 667.0
    },
    {
        "name": "Flower Power Rakete 46",
        "device_id": "master",
        "letter": "C",
        "number": 1,
        "timestamp": 667.0
    },
    {
        "name": "Kaltstart Rakete 1",
        "device_id": "master",
        "letter": "C",
        "number": 2,
        "timestamp": 668.0
    },
    {
        "name": "Kaltstart Rakete 4",
        "device_id": "master",
        "letter": "C",
        "number": 3,
        "timestamp": 668.0
    },
    {
        "name": "Kaltstart Rakete 7",
        "device_id": "master",
        "letter": "C",
        "number": 4,
        "timestamp": 668.0
    },
    {
        "name": "Kaltstart Rakete 10",
        "device_id": "master",
        "letter": "C",
        "number": 5,
        "timestamp": 668.0
    },
    {
        "name": "Flower Power Rakete 49 Motor",
        "device_id": "field",
        "letter": "B",
        "number": 1,
        "timestamp": 673.0
    },
    {
        "name": "Flower Power Rakete 49 Effekt",
        "device_id": "field",
        "letter": "B",
        "number": 2,
        "timestamp": 677.0
    },
    {
        "name": "Lanzenlichter Wei\u00df 21",
        "device_id": "master",
        "letter": "C",
        "number": 7,
        "timestamp": 680.0
    },
    {
        "name": "Lanzenlicht Blau 7",
        "device_id": "master",
        "letter": "C",
        "number": 8,
        "timestamp": 684.0
    },
    {
        "name": "Gr\u00e4te 1",
        "device_id": "sat1",
        "letter": "A",
        "number": 5,
        "timestamp": 684.0
    },
    {
        "name": "Gr\u00e4te 2",
        "device_id": "sat2",
        "letter": "A",
        "number": 5,
        "timestamp": 684.0
    },
    {
        "name": "Crackling Beam 1",
        "device_id": "master",
        "letter": "C",
        "number": 9,
        "timestamp": 698.0
    },
    {
        "name": "Crackling Beam 2",
        "device_id": "master",
        "letter": "C",
        "number": 10,
        "timestamp": 699.0
    },
    {
        "name": "Crackling Beam 3",
        "device_id": "master",
        "letter": "C",
        "number": 11,
        "timestamp": 700.0
    },
    {
        "name": "Gr\u00e4te 3",
        "device_id": "sat1",
        "letter": "A",
        "number": 6,
        "timestamp": 700.0
    },
    {
        "name": "Gr\u00e4te 4",
        "device_id": "sat2",
        "letter": "A",
        "number": 6,
        "timestamp": 700.0
    },
    {
        "name": "Cluster",
        "device_id": "master",
        "letter": "C",
        "number": 12,
        "timestamp": 700.0
    },
    {
        "name": "Fountains of Life 1",
        "device_id": "remote0",
        "letter": "A",
        "number": 1,
        "timestamp": 745.0
    },
    {
        "name": "Fountains of Life 3",
        "device_id": "remote1",
        "letter": "A",
        "number": 1,
        "timestamp": 745.0
    },
    {
        "name": "Golden Tree 1",
        "device_id": "remote0",
        "letter": "A",
        "number": 3,
        "timestamp": 755.0
    },
    {
        "name": "Golden Tree 2",
        "device_id": "remote1",
        "letter": "A",
        "number": 3,
        "timestamp": 755.0
    },
    {
        "name": "Fountains of Life 5",
        "device_id": "remote0",
        "letter": "A",
        "number": 2,
        "timestamp": 766.0
    },
    {
        "name": "Fountains of Life 7",
        "device_id": "remote1",
        "letter": "A",
        "number": 2,
        "timestamp": 766.0
    },
    {
        "name": "Rainbow Colours 1",
        "device_id": "sat1",
        "letter": "A",
        "number": 7,
        "timestamp": 788.0
    },
    {
        "name": "Rainbow Colours 2",
        "device_id": "sat2",
        "letter": "A",
        "number": 7,
        "timestamp": 788.0
    },
    {
        "name": "Xtravagant",
        "device_id": "field",
        "letter": "B",
        "number": 3,
        "timestamp": 803.0
    }
]