[
  {
    "name": "master_A_0",
    "device_id": "master",
    "letter": "A",
    "number": 0,
    "timestamp": 0.0
  },
  {
    "name": "master_A_1",
    "device_id": "master",
    "letter": "A",
    "number": 1,
    "timestamp": 0.4166666666666667
  },
  {
    "name": "master_A_2",
    "device_id": "master",
    "letter": "A",
    "number": 2,
    "timestamp": 0.8333333333333334
  },
  {
    "name": "master_A_3",
    "device_id": "master",
    "letter": "A",
    "number": 3,
    "timestamp": 1.25
  },
  {
    "name": "master_A_4",
    "device_id": "master",
    "letter": "A",
    "number": 4,
    "timestamp": 1.6666666666666667
  },
  {
    "name": "master_A_5",
    "device_id": "master",
    "letter": "A",
    "number": 5,
    "timestamp": 2.0833333333333335
  },
  {
    "name": "master_A_6",
    "device_id": "master",
    "letter": "A",
    "number": 6,
    "timestamp": 2.5
  },
  {
    "name": "master_A_7",
    "device_id": "master",
    "letter": "A",
    "number": 7,
    "timestamp": 2.9166666666666665
  },
  {
    "name": "master_A_8",
    "device_id": "master",
    "letter": "A",
    "number": 8,
    "timestamp": 3.333333333333333
  },
  {
    "name": "master_A_9",
    "device_id": "master",
    "letter": "A",
    "number": 9,
    "timestamp": 3.7499999999999996
  },
  {
    "name": "master_A_10",
    "device_id": "master",
    "letter": "A",
    "number": 10,
    "timestamp": 4.166666666666666
  },
  {
    "name": "master_A_11",
    "device_id": "master",
    "letter": "A",
    "number": 11,
    "timestamp": 4.583333333333333
  },
  {
    "name": "master_A_12",
    "device_id": "master",
    "letter": "A",
    "number": 12,
    "timestamp": 5.0
  },
  {
    "name": "master_A_13",
    "device_id": "master",
    "letter": "A",
    "number": 13,
    "timestamp": 5.416666666666667
  },
  {
    "name": "master_A_14",
    "device_id": "master",
    "letter": "A",
    "number": 14,
    "timestamp": 5.833333333333334
  },
  {
    "name": "master_A_15",
    "device_id": "master",
    "letter": "A",
    "number": 15,
    "timestamp": 6.250000000000001
  },
  {
    "name": "master_B_0",
    "device_id": "master",
    "letter": "B",
    "number": 0,
    "timestamp": 6.666666666666668
  },
  {
    "name": "master_B_1",
    "device_id": "master",
    "letter": "B",
    "number": 1,
    "timestamp": 7.083333333333335
  },
  {
    "name": "master_B_2",
    "device_id": "master",
    "letter": "B",
    "number": 2,
    "timestamp": 7.500000000000002
  },
  {
    "name": "master_B_3",
    "device_id": "master",
    "letter": "B",
    "number": 3,
    "timestamp": 7.916666666666669
  },
  {
    "name": "master_B_4",
    "device_id": "master",
    "letter": "B",
    "number": 4,
    "timestamp": 8.333333333333336
  },
  {
    "name": "master_B_5",
    "device_id": "master",
    "letter": "B",
    "number": 5,
    "timestamp": 8.750000000000002
  },
  {
    "name": "master_B_6",
    "device_id": "master",
    "letter": "B",
    "number": 6,
    "timestamp": 9.166666666666668
  },
  {
    "name": "master_B_7",
    "device_id": "master",
    "letter": "B",
    "number": 7,
    "timestamp": 9.583333333333334
  },
  {
    "name": "master_B_8",
    "device_id": "master",
    "letter": "B",
    "number": 8,
    "timestamp": 10.0
  },
  {
    "name": "master_B_9",
    "device_id": "master",
    "letter": "B",
    "number": 9,
    "timestamp": 10.416666666666666
  },
  {
    "name": "master_B_10",
    "device_id": "master",
    "letter": "B",
    "number": 10,
    "timestamp": 10.833333333333332
  },
  {
    "name": "master_B_11",
    "device_id": "master",
    "letter": "B",
    "number": 11,
    "timestamp": 11.249999999999998
  },
  {
    "name": "master_B_12",
    "device_id": "master",
    "letter": "B",
    "number": 12,
    "timestamp": 11.666666666666664
  },
  {
    "name": "master_B_13",
    "device_id": "master",
    "letter": "B",
    "number": 13,
    "timestamp": 12.08333333333333
  },
  {
    "name": "master_B_14",
    "device_id": "master",
    "letter": "B",
    "number": 14,
    "timestamp": 12.499999999999996
  },
  {
    "name": "master_B_15",
    "device_id": "master",
    "letter": "B",
    "number": 15,
    "timestamp": 12.916666666666663
  },
  {
    "name": "master_C_0",
    "device_id": "master",
    "letter": "C",
    "number": 0,
    "timestamp": 13.333333333333329
  },
  {
    "name": "master_C_1",
    "device_id": "master",
    "letter": "C",
    "number": 1,
    "timestamp": 13.749999999999995
  },
  {
    "name": "master_C_2",
    "device_id": "master",
    "letter": "C",
    "number": 2,
    "timestamp": 14.16666666666666
  },
  {
    "name": "master_C_3",
    "device_id": "master",
    "letter": "C",
    "number": 3,
    "timestamp": 14.583333333333327
  },
  {
    "name": "master_C_4",
    "device_id": "master",
    "letter": "C",
    "number": 4,
    "timestamp": 14.999999999999993
  },
  {
    "name": "master_C_5",
    "device_id": "master",
    "letter": "C",
    "number": 5,
    "timestamp": 15.416666666666659
  },
  {
    "name": "master_C_6",
    "device_id": "master",
    "letter": "C",
    "number": 6,
    "timestamp": 15.833333333333325
  },
  {
    "name": "master_C_7",
    "device_id": "master",
    "letter": "C",
    "number": 7,
    "timestamp": 16.249999999999993
  },
  {
    "name": "master_C_8",
    "device_id": "master",
    "letter": "C",
    "number": 8,
    "timestamp": 16.66666666666666
  },
  {
    "name": "master_C_9",
    "device_id": "master",
    "letter": "C",
    "number": 9,
    "timestamp": 17.08333333333333
  },
  {
    "name": "master_C_10",
    "device_id": "master",
    "letter": "C",
    "number": 10,
    "timestamp": 17.499999999999996
  },
  {
    "name": "master_C_11",
    "device_id": "master",
    "letter": "C",
    "number": 11,
    "timestamp": 17.916666666666664
  },
  {
    "name": "master_C_12",
    "device_id": "master",
    "letter": "C",
    "number": 12,
    "timestamp": 18.333333333333332
  },
  {
    "name": "master_C_13",
    "device_id": "master",
    "letter": "C",
    "number": 13,
    "timestamp": 18.75
  },
  {
    "name": "master_C_14",
    "device_id": "master",
    "letter": "C",
    "number": 14,
    "timestamp": 19.166666666666668
  },
  {
    "name": "master_C_15",
    "device_id": "master",
    "letter": "C",
    "number": 15,
    "timestamp": 19.583333333333336
  },
  {
    "name": "sat1_A_0",
    "device_id": "sat1",
    "letter": "A",
    "number": 0,
    "timestamp": 0.0
  },
  {
    "name": "sat1_A_1",
    "device_id": "sat1",
    "letter": "A",
    "number": 1,
    "timestamp": 0.4166666666666667
  },
  {
    "name": "sat1_A_2",
    "device_id": "sat1",
    "letter": "A",
    "number": 2,
    "timestamp": 0.8333333333333334
  },
  {
    "name": "sat1_A_3",
    "device_id": "sat1",
    "letter": "A",
    "number": 3,
    "timestamp": 1.25
  },
  {
    "name": "sat1_A_4",
    "device_id": "sat1",
    "letter": "A",
    "number": 4,
    "timestamp": 1.6666666666666667
  },
  {
    "name": "sat1_A_5",
    "device_id": "sat1",
    "letter": "A",
    "number": 5,
    "timestamp": 2.0833333333333335
  },
  {
    "name": "sat1_A_6",
    "device_id": "sat1",
    "letter": "A",
    "number": 6,
    "timestamp": 2.5
  },
  {
    "name": "sat1_A_7",
    "device_id": "sat1",
    "letter": "A",
    "number": 7,
    "timestamp": 2.9166666666666665
  },
  {
    "name": "sat1_A_8",
    "device_id": "sat1",
    "letter": "A",
    "number": 8,
    "timestamp": 3.333333333333333
  },
  {
    "name": "sat1_A_9",
    "device_id": "sat1",
    "letter": "A",
    "number": 9,
    "timestamp": 3.7499999999999996
  },
  {
    "name": "sat1_A_10",
    "device_id": "sat1",
    "letter": "A",
    "number": 10,
    "timestamp": 4.166666666666666
  },
  {
    "name": "sat1_A_11",
    "device_id": "sat1",
    "letter": "A",
    "number": 11,
    "timestamp": 4.583333333333333
  },
  {
    "name": "sat1_A_12",
    "device_id": "sat1",
    "letter": "A",
    "number": 12,
    "timestamp": 5.0
  },
  {
    "name": "sat1_A_13",
    "device_id": "sat1",
    "letter": "A",
    "number": 13,
    "timestamp": 5.416666666666667
  },
  {
    "name": "sat1_A_14",
    "device_id": "sat1",
    "letter": "A",
    "number": 14,
    "timestamp": 5.833333333333334
  },
  {
    "name": "sat1_A_15",
    "device_id": "sat1",
    "letter": "A",
    "number": 15,
    "timestamp": 6.250000000000001
  },
  {
    "name": "remote0_A_0",
    "device_id": "remote0",
    "letter": "A",
    "number": 0,
    "timestamp": 0.0
  },
  {
    "name": "remote0_A_1",
    "device_id": "remote0",
    "letter": "A",
    "number": 1,
    "timestamp": 0.4166666666666667
  },
  {
    "name": "remote0_A_2",
    "device_id": "remote0",
    "letter": "A",
    "number": 2,
    "timestamp": 0.8333333333333334
  },
  {
    "name": "remote0_A_3",
    "device_id": "remote0",
    "letter": "A",
    "number": 3,
    "timestamp": 1.25
  }
]